n,delta,inverse_delta,forward,reverse_lower,reverse_upper
32,0.25,4,16,97,158
32,0.2,5,16,129,190
32,0.16666666666666666,6,16,161,222
32,0.14285714285714285,7,16,193,254
32,0.125,8,16,225,286
32,0.1111111111111111,9,16,257,318
32,0.1,10,16,289,350
32,0.09090909090909091,11,16,321,382
32,0.08333333333333333,12,16,353,414
32,0.07692307692307693,13,16,385,446
32,0.07142857142857142,14,16,417,478
32,0.06666666666666667,15,16,449,510
32,0.0625,16,16,481,542
32,0.058823529411764705,17,16,513,574
32,0.05555555555555555,18,16,545,606
32,0.05263157894736842,19,16,577,638
32,0.05,20,16,609,670
32,0.047619047619047616,21,16,641,702
32,0.045454545454545456,22,16,673,734
32,0.043478260869565216,23,16,705,766
32,0.041666666666666664,24,16,737,798
32,0.04,25,16,769,830
32,0.038461538461538464,26,16,801,862
32,0.037037037037037035,27,16,833,894
32,0.03571428571428571,28,16,865,926
32,0.034482758620689655,29,16,897,958
32,0.03333333333333333,30,16,929,990
32,0.03225806451612903,31,16,961,1022
32,0.03125,32,16,993,1054
32,0.030303030303030304,33,16,1025,1086
32,0.029411764705882353,34,16,1057,1118
32,0.02857142857142857,35,16,1089,1150
32,0.027777777777777776,36,16,1121,1182
32,0.02702702702702703,37,16,1153,1214
32,0.02631578947368421,38,16,1185,1246
32,0.02564102564102564,39,16,1217,1278
32,0.025,40,16,1249,1310
32,0.024390243902439025,41,16,1281,1342
32,0.023809523809523808,42,16,1313,1374
32,0.023255813953488372,43,16,1345,1406
32,0.022727272727272728,44,16,1377,1438
32,0.022222222222222223,45,16,1409,1470
32,0.021739130434782608,46,16,1441,1502
32,0.02127659574468085,47,16,1473,1534
32,0.020833333333333332,48,16,1505,1566
32,0.02040816326530612,49,16,1537,1598
32,0.02,50,16,1569,1630
32,0.0196078431372549,51,16,1601,1662
32,0.019230769230769232,52,16,1633,1694
32,0.018867924528301886,53,16,1665,1726
32,0.018518518518518517,54,16,1697,1758
32,0.01818181818181818,55,16,1729,1790
32,0.017857142857142856,56,16,1761,1822
32,0.017543859649122806,57,16,1793,1854
32,0.017241379310344827,58,16,1825,1886
32,0.01694915254237288,59,16,1857,1918
32,0.016666666666666666,60,16,1889,1950
32,0.01639344262295082,61,16,1921,1982
32,0.016129032258064516,62,16,1953,2014
32,0.015873015873015872,63,16,1985,2046
32,0.015625,64,16,2017,2078
32,0.015384615384615385,65,16,2049,2110
32,0.015151515151515152,66,16,2081,2142
32,0.014925373134328358,67,16,2113,2174
32,0.014705882352941176,68,16,2145,2206
32,0.014492753623188406,69,16,2177,2238
32,0.014285714285714285,70,16,2209,2270
32,0.014084507042253521,71,16,2241,2302
32,0.013888888888888888,72,16,2273,2334
32,0.0136986301369863,73,16,2305,2366
32,0.013513513513513514,74,16,2337,2398
32,0.013333333333333334,75,16,2369,2430
32,0.013157894736842105,76,16,2401,2462
32,0.012987012987012988,77,16,2433,2494
32,0.01282051282051282,78,16,2465,2526
32,0.012658227848101266,79,16,2497,2558
32,0.0125,80,16,2529,2590
32,0.012345679012345678,81,16,2561,2622
32,0.012195121951219513,82,16,2593,2654
32,0.012048192771084338,83,16,2625,2686
32,0.011904761904761904,84,16,2657,2718
32,0.011764705882352941,85,16,2689,2750
32,0.011627906976744186,86,16,2721,2782
32,0.011494252873563218,87,16,2753,2814
32,0.011363636363636364,88,16,2785,2846
32,0.011235955056179775,89,16,2817,2878
32,0.011111111111111112,90,16,2849,2910
32,0.01098901098901099,91,16,2881,2942
32,0.010869565217391304,92,16,2913,2974
32,0.010752688172043012,93,16,2945,3006
32,0.010638297872340425,94,16,2977,3038
32,0.010526315789473684,95,16,3009,3070
32,0.010416666666666666,96,16,3041,3102
32,0.010309278350515464,97,16,3073,3134
32,0.01020408163265306,98,16,3105,3166
32,0.010101010101010102,99,16,3137,3198
32,0.01,100,16,3169,3230
