n,delta,forward,reverse_lower,reverse_upper
1,0.1,1,9,9
2,0.1,1,19,20
3,0.1,2,28,31
4,0.1,2,37,42
5,0.1,3,46,53
6,0.1,3,55,64
7,0.1,4,64,75
8,0.1,4,73,86
9,0.1,5,82,97
10,0.1,5,91,108
11,0.1,6,100,119
12,0.1,6,109,130
13,0.1,7,118,141
14,0.1,7,127,152
15,0.1,8,136,163
16,0.1,8,145,174
17,0.1,9,154,185
18,0.1,9,163,196
19,0.1,10,172,207
20,0.1,10,181,218
21,0.1,11,190,229
22,0.1,11,199,240
23,0.1,12,208,251
24,0.1,12,217,262
25,0.1,13,226,273
26,0.1,13,235,284
27,0.1,14,244,295
28,0.1,14,253,306
29,0.1,15,262,317
30,0.1,15,271,328
31,0.1,16,280,339
32,0.1,16,289,350
33,0.1,17,298,361
34,0.1,17,307,372
35,0.1,18,316,383
36,0.1,18,325,394
37,0.1,19,334,405
38,0.1,19,343,416
39,0.1,20,352,427
40,0.1,20,361,438
41,0.1,21,370,449
42,0.1,21,379,460
43,0.1,22,388,471
44,0.1,22,397,482
45,0.1,23,406,493
46,0.1,23,415,504
47,0.1,24,424,515
48,0.1,24,433,526
49,0.1,25,442,537
50,0.1,25,451,548
51,0.1,26,460,559
52,0.1,26,469,570
53,0.1,27,478,581
54,0.1,27,487,592
55,0.1,28,496,603
56,0.1,28,505,614
57,0.1,29,514,625
58,0.1,29,523,636
59,0.1,30,532,647
60,0.1,30,541,658
61,0.1,31,550,669
62,0.1,31,559,680
63,0.1,32,568,691
64,0.1,32,577,702
65,0.1,33,586,713
66,0.1,33,595,724
67,0.1,34,604,735
68,0.1,34,613,746
69,0.1,35,622,757
70,0.1,35,631,768
71,0.1,36,640,779
72,0.1,36,649,790
73,0.1,37,658,801
74,0.1,37,667,812
75,0.1,38,676,823
76,0.1,38,685,834
77,0.1,39,694,845
78,0.1,39,703,856
79,0.1,40,712,867
80,0.1,40,721,878
81,0.1,41,730,889
82,0.1,41,739,900
83,0.1,42,748,911
84,0.1,42,757,922
85,0.1,43,766,933
86,0.1,43,775,944
87,0.1,44,784,955
88,0.1,44,793,966
89,0.1,45,802,977
90,0.1,45,811,988
91,0.1,46,820,999
92,0.1,46,829,1010
93,0.1,47,838,1021
94,0.1,47,847,1032
95,0.1,48,856,1043
96,0.1,48,865,1054
97,0.1,49,874,1065
98,0.1,49,883,1076
99,0.1,50,892,1087
100,0.1,50,901,1098
101,0.1,51,910,1109
102,0.1,51,919,1120
103,0.1,52,928,1131
104,0.1,52,937,1142
105,0.1,53,946,1153
106,0.1,53,955,1164
107,0.1,54,964,1175
108,0.1,54,973,1186
109,0.1,55,982,1197
110,0.1,55,991,1208
111,0.1,56,1000,1219
112,0.1,56,1009,1230
113,0.1,57,1018,1241
114,0.1,57,1027,1252
115,0.1,58,1036,1263
116,0.1,58,1045,1274
117,0.1,59,1054,1285
118,0.1,59,1063,1296
119,0.1,60,1072,1307
120,0.1,60,1081,1318
121,0.1,61,1090,1329
122,0.1,61,1099,1340
123,0.1,62,1108,1351
124,0.1,62,1117,1362
125,0.1,63,1126,1373
126,0.1,63,1135,1384
127,0.1,64,1144,1395
128,0.1,64,1153,1406
