M,n,forward_bound_lo,forward_bound_hi,forward_bound,forward_error_lo,forward_error_hi,forward_error,reverse_ratio_lo,reverse_ratio_hi,reverse_ratio,forward_ratio_lo,forward_ratio_hi,forward_ratio
1,2,0.1692810861169262,0.6771243444677048,0.42320271529231546,0.1692810861169262,0.1692810861169262,0.1692810861169262,0.6,0.6,0.6,0.2037766123870306,0.2037766123870306,0.2037766123870306
2,2,0.1096876251001001,0.4387505004004004,0.27421906275025026,0.1096876251001001,0.1096876251001001,0.1096876251001001,0.6060606060606061,0.6060606060606061,0.6060606060606061,0.15241907742036154,0.15241907742036154,0.15241907742036154
3,2,0.06698729810778067,0.2679491924311227,0.1674682452694517,0.06698729810778067,0.06698729810778067,0.06698729810778067,0.5811965811965812,0.5811965811965812,0.5811965811965812,0.10384602919647458,0.10384602919647458,0.10384602919647458
4,2,0.036487594556521064,0.14595037822608425,0.09121898639130266,0.036487594556521064,0.036487594556521064,0.036487594556521064,0.5275779376498801,0.5275779376498801,0.5275779376498801,0.06160043894175484,0.06160043894175484,0.06160043894175484
5,2,0.017961785909301586,0.07184714363720635,0.04490446477325396,0.017961785909301586,0.017961785909301586,0.017961785909301586,0.4486232370718603,0.4486232370718603,0.4486232370718603,0.032505910857104275,0.032505910857104275,0.032505910857104275
6,2,0.008138128550364762,0.03255251420145905,0.020345321375911905,0.008138128550364762,0.008138128550364762,0.008138128550364762,0.35633252743165333,0.35633252743165333,0.35633252743165333,0.015629910866015548,0.015629910866015548,0.015629910866015548
7,2,0.0034450962270763156,0.013780384908305262,0.00861274056769079,0.0034450962270763156,0.0034450962270763156,0.0034450962270763156,0.2651564949183395,0.2651564949183395,0.2651564949183395,,,
8,2,0.0013790073742288025,0.00551602949691521,0.003447518435572006,0.0013790073742288025,0.0013790073742288025,0.0013790073742288025,0.18615050982610687,0.18615050982610687,0.18615050982610687,,,
9,2,0.0005269443115428189,0.0021077772461712756,0.0013173607788570473,0.0005269443115428189,0.0005269443115428189,0.0005269443115428189,0.12442190169246756,0.12442190169246756,0.12442190169246756,,,
10,2,0.00019369300785653665,0.0007747720314261466,0.00048423251964134164,0.00019369300785653665,0.00019369300785653665,0.00019369300785653665,0.07992194767771651,0.07992194767771651,0.07992194767771651,,,
11,2,6.890771763390107e-05,0.0002756308705356043,0.00017226929408475268,6.890771763390107e-05,6.890771763390107e-05,6.890771763390107e-05,0.049750306838596534,0.049750306838596534,0.049750306838596534,,,
12,2,2.384242637145153e-05,9.536970548580611e-05,5.960606592862882e-05,2.384242637145153e-05,2.384242637145153e-05,2.384242637145153e-05,0.03021559138145003,0.03021559138145003,0.03021559138145003,,,
13,2,8.055073832063713e-06,3.222029532825485e-05,2.0137684580159284e-05,8.055073832063713e-06,8.055073832063713e-06,8.055073832063713e-06,0.017998370419965368,0.017998370419965368,0.017998370419965368,,,
14,2,2.665685145070446e-06,1.0662740580281784e-05,6.664212862676115e-06,2.665685145070446e-06,2.665685145070446e-06,2.665685145070446e-06,0.010555675516568047,0.010555675516568047,0.010555675516568047,,,
15,2,8.66363575621894e-07,3.465454302487576e-06,2.165908939054735e-06,8.66363575621894e-07,8.66363575621894e-07,8.66363575621894e-07,0.00611267019670474,0.00611267019670474,0.00611267019670474,,,
16,2,2.771267504082541e-07,1.1085070016330165e-06,6.928168760206353e-07,2.771267504082541e-07,2.771267504082541e-07,2.771267504082541e-07,0.003502572699896426,0.003502572699896426,0.003502572699896426,,,
17,2,8.74024484795664e-08,3.496097939182656e-07,2.18506121198916e-07,8.74024484795664e-08,8.74024484795664e-08,8.74024484795664e-08,0.00198904856759715,0.00198904856759715,0.00198904856759715,,,
18,2,2.722026767030494e-08,1.0888107068121976e-07,6.805066917576235e-08,2.722026767030494e-08,2.722026767030494e-08,2.722026767030494e-08,0.0011208197414373003,0.0011208197414373003,0.0011208197414373003,,,
19,2,8.381903241795609e-09,3.3527612967182436e-08,2.0954758104489022e-08,8.381903241795609e-09,8.381903241795609e-09,8.381903241795609e-09,0.000627299328311905,0.000627299328311905,0.000627299328311905,,,
20,2,2.5547706238070083e-09,1.0219082495228033e-08,6.386926559517521e-09,2.5547706238070083e-09,2.5547706238070083e-09,2.5547706238070083e-09,0.00034897756835571486,0.00034897756835571486,0.00034897756835571486,,,
21,2,7.714930922288032e-10,3.085972368915213e-09,1.928732730572008e-09,7.714930922288032e-10,7.714930922288032e-10,7.714930922288032e-10,0.00019309856112609326,0.00019309856112609326,0.00019309856112609326,,,
22,2,2.310152070173706e-10,9.240608280694824e-10,5.775380175434265e-10,2.310152070173706e-10,2.310152070173706e-10,2.310152070173706e-10,0.00010632850048355635,0.00010632850048355635,0.00010632850048355635,,,
23,2,6.86419809928162e-11,2.745679239712648e-10,1.716049524820405e-10,6.86419809928162e-11,6.86419809928162e-11,6.86419809928162e-11,5.829149065505222e-05,5.829149065505222e-05,5.829149065505222e-05,,,
24,2,2.0251356147992672e-11,8.100542459197069e-11,5.062839036998168e-11,2.0251356147992672e-11,2.0251356147992672e-11,2.0251356147992672e-11,3.182833013211734e-05,3.182833013211734e-05,3.182833013211734e-05,,,
25,2,5.935751890042402e-12,2.3743007560169607e-11,1.4839379725106002e-11,5.935751890042402e-12,5.935751890042402e-12,5.935751890042402e-12,1.731498701326175e-05,1.731498701326175e-05,1.731498701326175e-05,,,
26,2,1.729297260946942e-12,6.917189043787768e-12,4.323243152367355e-12,1.729297260946942e-12,1.729297260946942e-12,1.729297260946942e-12,9.387683989522439e-06,9.387683989522439e-06,9.387683989522439e-06,,,
27,2,5.009881398623529e-13,2.0039525594494116e-12,1.2524703496558822e-12,5.009881398623529e-13,5.009881398623529e-13,5.009881398623529e-13,5.073831531486968e-06,5.073831531486968e-06,5.073831531486968e-06,,,
28,2,1.4438450435252246e-13,5.775380174100898e-13,3.609612608813061e-13,1.4438450435252246e-13,1.4438450435252246e-13,1.4438450435252246e-13,2.7343590656207016e-06,2.7343590656207016e-06,2.7343590656207016e-06,,,
29,2,4.1409800935478576e-14,1.656392037419143e-13,1.0352450233869644e-13,4.1409800935478576e-14,4.1409800935478576e-14,4.1409800935478576e-14,1.4696258661814424e-06,1.4696258661814424e-06,1.4696258661814424e-06,,,
30,2,1.18226283797597e-14,4.72905135190388e-14,2.9556570949399244e-14,1.18226283797597e-14,1.18226283797597e-14,1.18226283797597e-14,7.878985664491753e-07,7.878985664491753e-07,7.878985664491753e-07,,,
31,2,3.3610809448136995e-15,1.3444323779254798e-14,8.402702362034248e-15,3.3610809448136995e-15,3.3610809448136995e-15,3.3610809448136995e-15,4.214233703265717e-07,4.214233703265717e-07,4.214233703265717e-07,,,
32,2,9.517262195349328e-16,3.806904878139731e-15,2.379315548837332e-15,9.517262195349328e-16,9.517262195349328e-16,9.517262195349328e-16,2.2491437485280448e-07,2.2491437485280448e-07,2.2491437485280448e-07,,,
