M,n,forward_ratio_lo,forward_ratio_hi,forward_ratio,reverse_ratio_lo,reverse_ratio_hi,reverse_ratio,limit
2,1,0.018204644771468343,0.018204644771468343,0.018204644771468343,0.2,0.2,0.2,2
2,2,0.15241907742036154,0.15241907742036154,0.15241907742036154,0.6060606060606061,0.6060606060606061,0.6060606060606061,2
2,3,0.3071407958390924,0.3071407958390924,0.3071407958390924,0.8495575221238938,0.8495575221238938,0.8495575221238938,2
2,4,0.4196312728421192,0.4196312728421192,0.4196312728421192,1.0531645569620254,1.0531645569620254,1.0531645569620254,2
2,5,0.5165350021418693,0.5165350021418693,0.5165350021418693,1.2491128459900638,1.2491128459900638,1.2491128459900638,2
2,6,0.6246118037919061,0.6246118037919061,0.6246118037919061,1.4321852500486476,1.4321852500486476,1.4321852500486476,2
2,7,0.7509471945891789,0.7509471945891789,0.7509471945891789,1.5898961432075571,1.5898961432075571,1.5898961432075571,2
2,8,0.8918514385102292,0.8918514385102292,0.8918514385102292,1.7150309569896902,1.7150309569896902,1.7150309569896902,2
2,9,1.0396455720796782,1.0396455720796782,1.0396455720796782,1.8077077607387049,1.8077077607387049,1.8077077607387049,2
2,10,1.1861169362059656,1.1861169362059656,1.1861169362059656,1.8728063747021986,1.8728063747021986,1.8728063747021986,2
2,11,1.3243061579471753,1.3243061579471753,1.3243061579471753,1.9168186693604419,1.9168186693604419,1.9168186693604419,2
2,12,1.4493176141071469,1.4493176141071469,1.4493176141071469,1.9458172059721652,1.9458172059721652,1.9458172059721652,2
2,13,1.5584556046292841,1.5584556046292841,1.5584556046292841,1.964627512286044,1.964627512286044,1.964627512286044,2
2,14,1.6509289996348115,1.6509289996348115,1.6509289996348115,1.9767402073093858,1.9767402073093858,1.9767402073093858,2
2,15,1.7273516689367476,1.7273516689367476,1.7273516689367476,1.9845363352983454,1.9845363352983454,1.9845363352983454,2
2,16,1.7892164312775718,1.7892164312775718,1.7892164312775718,1.98958003124633,1.98958003124633,1.98958003124633,2
2,17,1.838448815427064,1.838448815427064,1.838448815427064,1.9928745928807874,1.9928745928807874,1.9928745928807874,2
2,18,1.8770817958867811,1.8770817958867811,1.8770817958867811,1.9950546558085176,1.9950546558085176,1.9950546558085176,2
2,19,1.907049247181689,1.907049247181689,1.907049247181689,1.9965191229724568,1.9965191229724568,1.9965191229724568,2
2,20,1.930074880988574,1.930074880988574,1.930074880988574,1.997518709171049,1.997518709171049,1.997518709171049,2
2,21,1.9476282932830602,1.9476282932830602,1.9476282932830602,1.998211825585326,1.998211825585326,1.998211825585326,2
2,22,1.960922985353351,1.960922985353351,1.960922985353351,1.9986995518816368,1.9986995518816368,1.9986995518816368,2
2,23,1.9709374211582604,1.9709374211582604,1.9709374211582604,1.999047263842135,1.999047263842135,1.999047263842135,2
2,24,1.9784463664511394,1.9784463664511394,1.9784463664511394,1.9992979350564795,1.9992979350564795,1.9992979350564795,2
2,25,1.9840547134837216,1.9840547134837216,1.9840547134837216,1.9994803174581783,1.9994803174581783,1.9994803174581783,2
2,26,1.9882295079519727,1.9882295079519727,1.9882295079519727,1.999613996948831,1.999613996948831,1.999613996948831,2
2,27,1.9913281695850171,1.9913281695850171,1.9913281695850171,1.9997125472601545,1.9997125472601545,1.9997125472601545,2
2,28,1.9936222577045302,1.9936222577045302,1.9936222577045302,1.9997855238916347,1.9997855238916347,1.9997855238916347,2
2,29,1.9953168771164218,1.9953168771164218,1.9953168771164218,1.9998397457801391,1.9998397457801391,1.9998397457801391,2
2,30,1.9965661776282733,1.9965661776282733,1.9965661776282733,1.9998801347334407,1.9998801347334407,1.9998801347334407,2
2,31,1.9974855317928244,1.9974855317928244,1.9974855317928244,1.9999102761808396,1.9999102761808396,1.9999102761808396,2
2,32,1.99816098335156,1.99816098335156,1.99816098335156,1.9999328011398005,1.9999328011398005,1.9999328011398005,2
2,33,1.9986565063791402,1.9986565063791402,1.9986565063791402,1.9999496511873083,1.9999496511873083,1.9999496511873083,2
2,34,1.999019538823908,1.999019538823908,1.999019538823908,1.9999622652770828,1.9999622652770828,1.9999622652770828,2
2,35,1.999285173828804,1.999285173828804,1.999285173828804,1.9999717132887198,1.9999717132887198,1.9999717132887198,2
2,36,1.9994793177143473,1.9994793177143473,1.9994793177143473,1.9999787925894084,1.9999787925894084,1.9999787925894084,2
2,37,1.9996210588860723,1.9996210588860723,1.9996210588860723,1.9999840984889474,1.9999840984889474,1.9999840984889474,2
2,38,1.9997244381559371,1.9997244381559371,1.9997244381559371,1.9999880760112274,1.9999880760112274,1.9999880760112274,2
2,39,1.9997997674465902,1.9997997674465902,1.9997997674465902,1.9999910581428684,1.9999910581428684,1.9999910581428684,2
2,40,1.9998546093128744,1.9998546093128744,1.9998546093128744,1.9999932942062861,1.9999932942062861,1.9999932942062861,2
2,41,1.9998945027090314,1.9998945027090314,1.9998945027090314,1.9999949709706402,1.9999949709706402,1.9999949709706402,2
2,42,1.9999234995466313,1.9999234995466313,1.9999234995466313,1.99999622839432,1.99999622839432,1.99999622839432,2
2,43,1.999944560580893,1.999944560580893,1.999944560580893,1.9999971713831957,1.9999971713831957,1.9999971713831957,2
2,44,1.999959846979907,1.999959846979907,1.999959846979907,1.999997878583315,1.999997878583315,1.999997878583315,2
2,45,1.9999709347125316,1.9999709347125316,1.9999709347125316,1.999998408961564,1.999998408961564,1.999998408961564,2
2,46,1.9999789719489542,1.9999789719489542,1.9999789719489542,1.9999988067337822,1.9999988067337822,1.9999988067337822,2
2,47,1.9999847944622375,1.9999847944622375,1.9999847944622375,1.9999991050569321,1.9999991050569321,1.9999991050569321,2
2,48,1.9999890101292714,1.9999890101292714,1.9999890101292714,1.9999993287961446,1.9999993287961446,1.9999993287961446,2
