k,M,u,c,s,marginal_error_lo,marginal_error_hi,marginal_error,joint_error_lo,joint_error_hi,joint_error,singlet_lower_lo,singlet_lower_hi,singlet_lower,prefix_return_upper_lo,prefix_return_upper_hi,prefix_return_upper
1,1,0.64,0.6,0.8,0.3848,0.3848,0.3848,0.5,0.5,0.5,0.1476,0.1476,0.1476,0.64,0.64,0.64
2,32,0.06059171597633136,0.9692307692307692,0.24615384615384617,0.09201089166270038,0.09201089166270038,0.09201089166270038,0.231829911723238,0.231829911723238,0.231829911723238,0.22224076771370063,0.22224076771370063,0.22224076771370063,0.3427585060047454,0.3427585060047454,0.3427585060047454
3,243,0.0122698224852071,0.9938461538461538,0.11076923076923077,0.028552955302151743,0.028552955302151743,0.028552955302151743,0.24124201789397165,0.24124201789397165,0.24124201789397165,0.2410187828659822,0.2410187828659822,0.2410187828659822,0.19126760349806754,0.19126760349806754,0.19126760349806754
4,1024,0.003898631766805473,0.9980487804878049,0.0624390243902439,0.009871588776193199,0.009871588776193199,0.009871588776193199,0.24615539391837682,0.24615539391837682,0.24615539391837682,0.24613906621306675,0.24613906621306675,0.24613906621306675,0.12475621653777513,0.12475621653777513,0.12475621653777513
5,3125,0.0015987207675906047,0.9992003198720512,0.03998400639744103,0.0035305325068590446,0.0035305325068590446,0.0035305325068590446,0.24801253907800067,0.24801253907800067,0.24801253907800067,0.2480111475281784,0.2480111475281784,0.2480111475281784,0.08937120783433088,0.08937120783433088,0.08937120783433088
6,7776,0.0007713073372953842,0.9996142719382836,0.02777242044358727,0.0012795232580514618,0.0012795232580514618,0.0012795232580514618,0.24884628557631291,0.24884628557631291,0.24884628557631291,0.24884615581356112,0.24884615581356112,0.24884615581356112,0.06801513880458415,0.06801513880458415,0.06801513880458415
7,16807,0.0004164064081451591,0.9997917751171265,0.02040603852160333,0.0004665726722901169,0.0004665726722901169,0.0004665726722901169,0.24927251386501478,0.24927251386501478,0.24927251386501478,0.24927250101802578,0.24927250101802578,0.24927250101802578,0.05398368221400183,0.05398368221400183,0.05398368221400183
8,32768,0.0002441108254058744,0.9998779371376258,0.015624046383887702,0.0001706793144171573,0.0001706793144171573,0.0001706793144171573,0.2495123155486334,0.2495123155486334,0.2495123155486334,0.24951231422091474,0.24951231422091474,0.24951231422091474,0.04418877952141802,0.04418877952141802,0.04418877952141802
9,59049,0.00015240417565315855,0.9999237950085731,0.01234520861116403,6.255126294914491e-05,6.255126294914491e-05,6.255126294914491e-05,0.24965735190385552,0.24965735190385552,0.24965735190385552,0.2496573517621164,0.2496573517621164,0.2496573517621164,0.03703421468371753,0.03703421468371753,0.03703421468371753
10,100000,9.999500018749375e-05,0.9999500012499688,0.009999750006249844,2.2949650827996605e-05,2.2949650827996605e-05,2.2949650827996605e-05,0.24975014994606828,0.24975014994606828,0.24975014994606828,0.24975014993054814,0.24975014993054814,0.24975014993054814,0.03162119552214444,0.03162119552214444,0.03162119552214444
11,161051,6.829901305934793e-05,0.999965849910356,0.008264321693844447,8.426137010807832e-06,8.426137010807832e-06,8.426137010807832e-06,0.24981225466141632,0.24981225466141632,0.24981225466141632,0.24981225465968182,0.24981225465968182,0.24981225465968182,0.027409186184202308,0.027409186184202308,0.027409186184202308
12,248832,4.8224145822807535e-05,0.9999758876363856,0.006944360720959672,3.0952174846185407e-06,3.0952174846185407e-06,3.0952174846185407e-06,0.2498553729010707,0.2498553729010707,0.2498553729010707,0.24985537290087356,0.24985537290087356,0.24985537290087356,0.02405568116641337,0.02405568116641337,0.02405568116641337
13,371293,3.501216672525543e-05,0.9999824937634032,0.00591710796971421,1.1373663458433588e-06,1.1373663458433588e-06,1.1373663458433588e-06,0.24988623834139856,0.24988623834139856,0.24988623834139856,0.24988623834137583,0.24988623834137583,0.24988623834137583,0.021334249444417433,0.021334249444417433,0.021334249444417433
14,537824,2.6030481692961366e-05,0.9999869846744541,0.005102007613965444,4.180370922728047e-07,4.180370922728047e-07,4.180370922728047e-07,0.24990891109823374,0.24990891109823374,0.24990891109823374,0.24990891109823107,0.24990891109823107,0.24990891109823107,0.01908984024511954,0.01908984024511954,0.01908984024511954
15,759375,1.9752891328986652e-05,0.9999901235055629,0.004444422496679029,1.5367625441992082e-07,1.5367625441992082e-07,1.5367625441992082e-07,0.24992593836150498,0.24992593836150498,0.24992593836150498,0.24992593836150467,0.24992593836150467,0.24992593836150467,0.01721308931023729,0.01721308931023729,0.01721308931023729
16,1048576,1.5258672647844303e-05,0.9999923706345725,0.0039062350988956496,5.650111793581338e-08,5.650111793581338e-08,5.650111793581338e-08,0.2499389732248036,0.2499389732248036,0.2499389732248036,0.24993897322480355,0.24993897322480355,0.24993897322480355,0.015624880791392567,0.015624880791392567,0.015624880791392567
17,1419857,1.1972965044821278e-05,0.9999940134995585,0.0034601972551895474,2.0775526581929867e-08,2.0775526581929867e-08,2.0775526581929867e-08,0.24994912038135286,0.24994912038135286,0.24994912038135286,0.24994912038135286,0.24994912038135286,0.24994912038135286,0.014266716064639978,0.014266716064639978,0.014266716064639978
18,1889568,9.52594152019098e-06,0.9999952370178969,0.0030864124028053964,7.639798528162207e-09,7.639798528162207e-09,7.639798528162207e-09,0.24995713714219966,0.24995713714219966,0.24995713714219966,0.24995713714219966,0.24995713714219966,0.24995713714219966,0.013094507652844705,0.013094507652844705,0.013094507652844705
19,2476099,7.6733309545725e-06,0.9999961633271627,0.0027700777885417767,2.8095667182901185e-09,2.8095667182901185e-09,2.8095667182901185e-09,0.2499635544746157,0.2499635544746157,0.2499635544746157,0.2499635544746157,0.2499635544746157,0.2499635544746157,0.01207446598306797,0.01207446598306797,0.01207446598306797
20,3200000,6.249980468795777e-06,0.9999968750048828,0.0024999960937561036,1.033282066475427e-09,1.033282066475427e-09,1.033282066475427e-09,0.24996875214833034,0.24996875214833034,0.24996875214833034,0.24996875214833034,0.24996875214833034,0.24996875214833034,0.011180304949018687,0.011180304949018687,0.011180304949018687
21,4084101,5.141877247955963e-06,0.9999974290580711,0.0022675707812449784,3.800286578291949e-10,3.800286578291949e-10,3.800286578291949e-10,0.24997300667123454,0.24997300667123454,0.24997300667123454,0.24997300667123454,0.24997300667123454,0.24997300667123454,0.010391301390991873,0.010391301390991873,0.010391301390991873
22,5153632,4.268824984574008e-06,0.9999978655852299,0.002066113497505403,1.3977467071686113e-10,1.3977467071686113e-10,1.3977467071686113e-10,0.24997652261514175,0.24997652261514175,0.24997652261514175,0.24997652261514175,0.24997652261514175,0.24997652261514175,0.009690920968049785,0.009690920968049785,0.009690920968049785
23,6436343,3.573451400164743e-06,0.9999982132727038,0.0018903574794638031,5.141060825632176e-11,5.141060825632176e-11,5.141060825632176e-11,0.2499794535355221,0.2499794535355221,0.2499794535355221,0.2499794535355221,0.2499794535355221,0.2499794535355221,0.00906582789125417,0.00906582789125417,0.00906582789125417
24,7962624,3.014077247784072e-06,0.9999984929602406,0.0017361098029168754,1.8909808360663586e-11,1.8909808360663586e-11,1.8909808360663586e-11,0.2499819162178451,0.2499819162178451,0.2499819162178451,0.2499819162178451,0.2499819162178451,0.2499819162178451,0.008505159900368528,0.008505159900368528,0.008505159900368528
25,9765625,2.5599967232031457e-06,0.9999987200008192,0.0015999989760006553,6.9555266863949885e-12,6.9555266863949885e-12,6.9555266863949885e-12,0.24998400055294634,0.24998400055294634,0.24998400055294634,0.24998400055294634,0.24998400055294634,0.24998400055294634,0.00799998976000983,0.00799998976000983,0.00799998976000983
26,11881376,2.188296334712399e-06,0.9999989058512341,0.0014792891315467708,2.5584687643446364e-12,2.5584687643446364e-12,2.5584687643446364e-12,0.249985776494019,0.249985776494019,0.249985776494019,0.249985776494019,0.249985776494019,0.249985776494019,0.007542920021462134,0.007542920021462134,0.007542920021462134
27,14348907,1.8816746528070893e-06,0.999999059162231,0.0013717414671894589,9.411012663579359e-13,9.411012663579359e-13,9.411012663579359e-13,0.24998729903068356,0.24998729903068356,0.24998729903068356,0.24998729903068356,0.24998729903068356,0.24998729903068356,0.007127774395022399,0.007127774395022399,0.007127774395022399
28,17210368,1.6269249572726142e-06,0.9999991865371906,0.0012755096852915756,3.461767232636658e-13,3.461767232636658e-13,3.461767232636658e-13,0.2499886117939535,0.2499886117939535,0.2499886117939535,0.2499886117939535,0.2499886117939535,0.2499886117939535,0.006749360099093708,0.006749360099093708,0.006749360099093708
29,20511149,1.4138642110671282e-06,0.9999992930676446,0.0011890602218000265,1.273397256703389e-13,1.273397256703389e-13,1.273397256703389e-13,0.24998974970185914,0.24998974970185914,0.24998974970185914,0.24998974970185914,0.24998974970185914,0.24998974970185914,0.006403282996656285,0.006403282996656285,0.006403282996656285
30,24300000,1.2345671391559694e-06,0.9999993827162399,0.0011111107681756889,4.684183449734e-14,4.684183449734e-14,4.684183449734e-14,0.24999074092363713,0.24999074092363713,0.24999074092363713,0.24999074092363713,0.24999074092363713,0.24999074092363713,0.006085802437833095,0.006085802437833095,0.006085802437833095
31,28629151,1.0828118240884774e-06,0.9999994585939413,0.0010405824446378467,1.7230874214413366e-14,1.7230874214413366e-14,1.7230874214413366e-14,0.24999160835374928,0.24999160835374928,0.24999160835374928,0.24999160835374928,0.24999160835374928,0.24999160835374928,0.005793716283464174,0.005793716283464174,0.005793716283464174
32,33554432,9.536738616590617e-07,0.9999995231629555,0.0009765622671694119,6.338459685825638e-15,6.338459685825638e-15,6.338459685825638e-15,0.24999237072915861,0.24999237072915861,0.24999237072915861,0.24999237072915861,0.24999237072915861,0.24999237072915861,0.005524269093842813,0.005524269093842813,0.005524269093842813
